original,connected,weight
1,2,0.003446069101936898
2,3,0.0034465428322360213
1,4,0.01675277836711261
2,5,0.0034465428322360213
3,6,0.003447490576703408
4,5,0.03318120961012404
5,6,0.0034479645909283895
4,7,0.003447490576703408
7,8,0.01676901300925289
5,8,0.006826969890038211
8,9,0.03320264575832072
6,9,0.0034493872019089075
